{"stats":{"minecraft:used":{"minecraft:moss_block":1,"minecraft:iron_bars":7,"minecraft:stone_sword":126,"minecraft:iron_shovel":110,"tombstone:scroll_of_frost_resistance":1,"minecraft:shield":59,"travelersbackpack:diamond":5,"minecraft:iron_chestplate":2,"minecraft:torch":62,"minecraft:chainmail_chestplate":1,"minecraft:diamond_helmet":1,"minecraft:tuff":50,"minecraft:nether_brick_stairs":2,"minecraft:iron_hoe":250,"minecraft:iron_axe":123,"minecraft:diamond_chestplate":1,"minecraft:dark_oak_boat":3,"minecraft:furnace":5,"tombstone:gift":7,"minecraft:cobbled_deepslate":73,"minecraft:iron_leggings":2,"minecraft:water_bucket":90,"minecraft:acacia_boat":3,"minecraft:diorite":2,"minecraft:diamond_boots":2,"minecraft:rabbit":2,"minecraft:stone_pickaxe":69,"minecraft:wooden_pickaxe":7,"minecraft:sandstone":18,"minecraft:mossy_stone_brick_stairs":1,"minecraft:golden_apple":2,"minecraft:glow_berries":4,"minecraft:terracotta":2,"minecraft:sand":13,"tombstone:scroll_of_feather_fall":1,"minecraft:crafting_table":12,"minecraft:red_bed":7,"minecraft:crossbow":28,"relics:horse_flute":4,"minecraft:bread":93,"minecraft:iron_pickaxe":650,"tombstone:magic_scroll":1,"iceandfire:chared_cobblestone":1,"minecraft:stone_axe":42,"minecraft:diamond_sword":300,"minecraft:cobblestone":56,"travelersbackpack:standard":2,"minecraft:bucket":91,"minecraft:pumpkin_pie":13,"minecraft:candle":1,"minecraft:experience_bottle":3},"minecraft:mined":{"minecraft:dark_oak_planks":19,"minecraft:yellow_terracotta":2,"minecraft:diamond_ore":1,"minecraft:tuff":55,"minecraft:deepslate_diamond_ore":15,"minecraft:sculk_vein":18,"minecraft:jungle_leaves":3,"minecraft:sea_lantern":1,"minecraft:acacia_log":6,"minecraft:smooth_red_sandstone_stairs":1,"minecraft:decorated_pot":1,"minecraft:moss_block":1,"minecraft:sandstone":20,"minecraft:spawner":30,"minecraft:hay_block":26,"minecraft:furnace":5,"minecraft:iron_ore":18,"minecraft:cobbled_deepslate":8,"minecraft:fire":3,"minecraft:chiseled_sandstone":6,"minecraft:andesite":21,"minecraft:suspicious_sand":2,"minecraft:stripped_spruce_log":4,"minecraft:nether_brick_stairs":2,"create:asurine":1,"minecraft:sculk_shrieker":9,"minecraft:mossy_stone_brick_stairs":1,"minecraft:vine":4,"minecraft:bookshelf":13,"minecraft:deepslate_iron_ore":11,"minecraft:iron_bars":11,"minecraft:stone":68,"create:veridium":1,"iceandfire:chared_cobblestone":2,"minecraft:cut_sandstone":21,"minecraft:red_bed":8,"minecraft:powder_snow":12,"minecraft:crafting_table":11,"minecraft:torch":1,"minecraft:blast_furnace":1,"minecraft:dead_bush":13,"minecraft:sculk_sensor":21,"minecraft:copper_ore":1,"minecraft:cobblestone":9,"minecraft:deepslate_gold_ore":1,"minecraft:sculk":262,"minecraft:diorite":3,"minecraft:seagrass":2,"minecraft:red_terracotta":3,"minecraft:grass":1,"minecraft:coal_ore":29,"minecraft:sand":131,"minecraft:smooth_basalt":6,"minecraft:brown_terracotta":2,"minecraft:cobweb":5,"minecraft:terracotta":2,"minecraft:oak_leaves":1,"minecraft:deepslate":315,"iceandfire:chared_stone":3},"minecraft:crafted":{"minecraft:iron_nugget":9,"minecraft:dark_oak_boat":1,"minecraft:furnace":1,"travelersbackpack:diamond":1,"minecraft:iron_hoe":1,"minecraft:stone_pickaxe":1,"minecraft:diamond_boots":1,"minecraft:wheat":234,"create:andesite_alloy":1,"minecraft:crafting_table":3,"minecraft:spruce_planks":16,"minecraft:wooden_pickaxe":1,"minecraft:iron_helmet":1,"minecraft:stone_axe":1,"minecraft:air":0,"minecraft:bread":93,"minecraft:acacia_boat":1,"minecraft:shield":1,"minecraft:stick":8,"minecraft:iron_ingot":23,"minecraft:iron_pickaxe":1,"minecraft:stone_sword":1,"minecraft:iron_shovel":1,"minecraft:iron_leggings":1,"minecraft:acacia_planks":20,"minecraft:torch":56},"minecraft:killed":{"minecraft:cave_spider":3,"minecraft:spider":10,"minecraft:skeleton":18,"artifacts:mimic":15,"minecraft:husk":5,"minecraft:creeper":8,"minecraft:pillager":2,"minecraft:zombie":55,"cataclysm:deepling":1,"minecraft:stray":6,"minecraft:wither_skeleton":2,"iceandfire:sea_serpent":2},"minecraft:dropped":{"minecraft:nether_brick_stairs":1,"minecraft:glass_bottle":2,"minecraft:feather":2,"minecraft:iron_helmet":1,"minecraft:prismarine_crystals":3,"minecraft:tropical_fish":1,"minecraft:pufferfish":4,"minecraft:red_bed":1,"artifacts:thorn_pendant":2,"minecraft:diorite":1,"minecraft:ink_sac":3,"artifacts:obsidian_skull":1,"minecraft:rabbit":1,"minecraft:cut_sandstone":20,"minecraft:diamond_helmet":1,"minecraft:dead_bush":4,"minecraft:iron_leggings":1,"minecraft:bone_meal":1,"minecraft:sand":122,"minecraft:string":2,"iceandfire:dragon_skull_fire":2,"minecraft:chiseled_sandstone":6,"minecraft:bone":1,"minecraft:stone_sword":1,"minecraft:tuff":8,"minecraft:rotten_flesh":3,"minecraft:red_terracotta":3,"minecraft:gunpowder":2,"minecraft:wooden_shovel":1,"minecraft:stone_bricks":3,"minecraft:sandstone":1,"artifacts:scarf_of_invisibility":1},"minecraft:broken":{"minecraft:stone_sword":1,"minecraft:shield":1,"minecraft:iron_pickaxe":1,"minecraft:iron_hoe":1},"minecraft:picked_up":{"minecraft:crafting_table":11,"artifacts:night_vision_goggles":1,"artifacts:bunny_hoppers":1,"minecraft:lead":1,"minecraft:brick":4,"minecraft:jungle_trapdoor":1,"minecraft:string":23,"minecraft:red_bed":8,"minecraft:raw_copper":3,"artifacts:feral_claws":1,"minecraft:pufferfish":4,"minecraft:cracked_stone_bricks":3,"minecraft:candle":1,"minecraft:gold_nugget":8,"minecraft:cobbled_deepslate":321,"minecraft:wooden_shovel":1,"minecraft:furnace":4,"minecraft:tipped_arrow":2,"artifacts:universal_attractor":1,"minecraft:stick":15,"minecraft:raw_iron":29,"minecraft:sandstone":20,"iceandfire:dragonbone":35,"minecraft:brown_terracotta":2,"minecraft:torch":2,"minecraft:acacia_log":5,"tombstone:grave_dust":10,"minecraft:diorite":3,"minecraft:carrot":1,"minecraft:prismarine_crystals":3,"minecraft:dark_oak_planks":18,"minecraft:rotten_flesh":36,"minecraft:arrow":37,"minecraft:stone_sword":1,"iceandfire:sea_serpent_scales_purple":3,"minecraft:cactus":1,"minecraft:diamond_chestplate":1,"artifacts:cowboy_hat":1,"minecraft:tropical_fish":18,"minecraft:hay_block":26,"create:asurine":1,"minecraft:yellow_terracotta":1,"create:veridium":1,"tombstone:essence_of_undeath":1,"artifacts:panic_necklace":1,"minecraft:iron_bars":11,"minecraft:cobblestone":87,"minecraft:smooth_red_sandstone_stairs":1,"minecraft:leather_chestplate":1,"minecraft:feather":2,"iceandfire:sea_serpent_fang":8,"artifacts:novelty_drinking_hat":1,"minecraft:andesite":20,"minecraft:jungle_log":3,"minecraft:cut_sandstone":22,"minecraft:dark_oak_boat":2,"artifacts:thorn_pendant":3,"artifacts:anglers_hat":1,"minecraft:tuff":58,"minecraft:gunpowder":5,"minecraft:acacia_boat":2,"minecraft:bone":22,"minecraft:stone_bricks":3,"minecraft:bow":2,"minecraft:raw_gold":1,"minecraft:iron_ingot":1,"minecraft:mossy_stone_bricks":2,"minecraft:rabbit":3,"minecraft:diamond_helmet":1,"minecraft:glass_bottle":2,"minecraft:moss_block":1,"minecraft:mossy_stone_brick_stairs":1,"minecraft:book":21,"iceandfire:chared_stone":2,"artifacts:obsidian_skull":1,"minecraft:smooth_basalt":6,"artifacts:rooted_boots":1,"iceandfire:dragon_skull_fire":2,"minecraft:sand":169,"minecraft:jungle_planks":4,"minecraft:stripped_spruce_log":4,"minecraft:nether_brick_stairs":3,"minecraft:blast_furnace":1,"minecraft:ink_sac":3,"minecraft:dead_bush":4,"artifacts:scarf_of_invisibility":1,"minecraft:chiseled_sandstone":6,"minecraft:red_terracotta":3,"minecraft:spider_eye":1,"iceandfire:chared_cobblestone":1,"minecraft:bundle":2,"minecraft:diamond":20,"minecraft:iron_helmet":1,"iceandfire:sea_serpent_scales_red":14,"minecraft:bone_meal":1,"minecraft:emerald":2,"minecraft:terracotta":2,"minecraft:coal":63,"iceandfire:raw_silver":2},"minecraft:custom":{"minecraft:mob_kills":132,"minecraft:interact_with_crafting_table":33,"minecraft:open_barrel":64,"minecraft:eat_cake_slice":2,"minecraft:leave_game":6,"minecraft:time_since_death":76523,"minecraft:climb_one_cm":11880,"minecraft:sprint_one_cm":884090,"minecraft:walk_one_cm":455711,"minecraft:damage_blocked_by_shield":1270,"minecraft:drop":42,"minecraft:play_time":239715,"minecraft:sneak_time":39122,"minecraft:talked_to_villager":2,"minecraft:deaths":6,"minecraft:walk_under_water_one_cm":38267,"minecraft:boat_one_cm":260280,"minecraft:jump":5244,"minecraft:interact_with_blast_furnace":8,"minecraft:walk_on_water_one_cm":95586,"minecraft:total_world_time":239715,"minecraft:interact_with_furnace":22,"tombstone:raider_killed":2,"minecraft:sleep_in_bed":8,"minecraft:time_since_rest":59790,"minecraft:damage_taken":5497,"minecraft:damage_absorbed":80,"minecraft:damage_dealt":32701,"tombstone:cast_on_ally":0,"minecraft:swim_one_cm":271310,"minecraft:fly_one_cm":1336802,"minecraft:open_chest":147,"minecraft:crouch_one_cm":121116,"tombstone:undead_killed":86,"minecraft:fall_one_cm":296529},"minecraft:killed_by":{"minecraft:creeper":1,"minecraft:pillager":1,"iceandfire:fire_dragon":4}},"DataVersion":3465}